camera,frame_name,frame_index,num_markers,num_charuco_corners,is_valid,best_preprocess
cam2,frame_000000.jpg,0,0,0,False,
cam2,frame_000001.jpg,1,0,0,False,
cam2,frame_000002.jpg,2,0,0,False,
cam2,frame_000003.jpg,3,0,0,False,
cam2,frame_000004.jpg,4,0,0,False,
cam2,frame_000005.jpg,5,0,0,False,
cam2,frame_000006.jpg,6,0,0,False,
cam2,frame_000007.jpg,7,0,0,False,
cam2,frame_000008.jpg,8,0,0,False,
cam2,frame_000009.jpg,9,0,0,False,
cam2,frame_000010.jpg,10,0,0,False,
cam2,frame_000011.jpg,11,0,0,False,
cam2,frame_000012.jpg,12,0,0,False,
cam2,frame_000013.jpg,13,0,0,False,
cam2,frame_000014.jpg,14,0,0,False,
cam2,frame_000015.jpg,15,0,0,False,
cam2,frame_000016.jpg,16,0,0,False,
cam2,frame_000017.jpg,17,0,0,False,
cam2,frame_000018.jpg,18,0,0,False,
cam2,frame_000019.jpg,19,0,0,False,
cam2,frame_000020.jpg,20,0,0,False,
cam2,frame_000021.jpg,21,0,0,False,
cam2,frame_000022.jpg,22,0,0,False,
cam2,frame_000023.jpg,23,0,0,False,
cam2,frame_000024.jpg,24,0,0,False,
cam2,frame_000025.jpg,25,0,0,False,
cam2,frame_000026.jpg,26,0,0,False,
cam2,frame_000027.jpg,27,0,0,False,
cam2,frame_000028.jpg,28,0,0,False,
cam2,frame_000029.jpg,29,0,0,False,
cam2,frame_000030.jpg,30,0,0,False,
cam2,frame_000031.jpg,31,0,0,False,
cam2,frame_000032.jpg,32,0,0,False,
cam2,frame_000033.jpg,33,0,0,False,
cam2,frame_000034.jpg,34,0,0,False,
cam2,frame_000035.jpg,35,0,0,False,
cam2,frame_000036.jpg,36,6,5,False,clahe
cam2,frame_000037.jpg,37,0,0,False,
cam2,frame_000038.jpg,38,0,0,False,
cam2,frame_000039.jpg,39,0,0,False,
cam2,frame_000040.jpg,40,0,0,False,
cam2,frame_000041.jpg,41,0,0,False,
cam2,frame_000042.jpg,42,0,0,False,
cam2,frame_000043.jpg,43,0,0,False,
cam2,frame_000044.jpg,44,0,0,False,
cam2,frame_000045.jpg,45,0,0,False,
cam2,frame_000046.jpg,46,0,0,False,
cam2,frame_000047.jpg,47,0,0,False,
cam2,frame_000048.jpg,48,0,0,False,
cam2,frame_000049.jpg,49,0,0,False,
cam2,frame_000050.jpg,50,0,0,False,
cam2,frame_000051.jpg,51,0,0,False,
cam2,frame_000052.jpg,52,0,0,False,
cam2,frame_000053.jpg,53,0,0,False,
cam2,frame_000054.jpg,54,0,0,False,
cam2,frame_000055.jpg,55,0,0,False,
cam2,frame_000056.jpg,56,0,0,False,
cam2,frame_000057.jpg,57,0,0,False,
cam2,frame_000058.jpg,58,0,0,False,
cam2,frame_000059.jpg,59,0,0,False,
cam2,frame_000060.jpg,60,0,0,False,
cam2,frame_000061.jpg,61,0,0,False,
cam2,frame_000062.jpg,62,0,0,False,
cam2,frame_000063.jpg,63,0,0,False,
cam2,frame_000064.jpg,64,0,0,False,
cam2,frame_000065.jpg,65,0,0,False,
cam2,frame_000066.jpg,66,0,0,False,
cam2,frame_000067.jpg,67,0,0,False,
cam2,frame_000068.jpg,68,0,0,False,
cam2,frame_000069.jpg,69,0,0,False,
cam2,frame_000070.jpg,70,0,0,False,
cam2,frame_000071.jpg,71,0,0,False,
cam2,frame_000072.jpg,72,0,0,False,
cam2,frame_000073.jpg,73,0,0,False,
cam2,frame_000074.jpg,74,0,0,False,
cam2,frame_000075.jpg,75,0,0,False,
cam2,frame_000076.jpg,76,0,0,False,
cam2,frame_000077.jpg,77,0,0,False,
cam2,frame_000078.jpg,78,0,0,False,
cam2,frame_000079.jpg,79,0,0,False,
cam2,frame_000080.jpg,80,0,0,False,
cam2,frame_000081.jpg,81,0,0,False,
cam2,frame_000082.jpg,82,0,0,False,
cam2,frame_000083.jpg,83,0,0,False,
cam2,frame_000084.jpg,84,0,0,False,
cam2,frame_000085.jpg,85,0,0,False,
cam2,frame_000086.jpg,86,0,0,False,
cam2,frame_000087.jpg,87,0,0,False,
cam2,frame_000088.jpg,88,0,0,False,
cam2,frame_000089.jpg,89,0,0,False,
cam2,frame_000090.jpg,90,0,0,False,
cam2,frame_000091.jpg,91,0,0,False,
cam2,frame_000092.jpg,92,0,0,False,
cam2,frame_000093.jpg,93,0,0,False,
cam2,frame_000094.jpg,94,0,0,False,
cam2,frame_000095.jpg,95,0,0,False,
cam2,frame_000096.jpg,96,0,0,False,
cam2,frame_000097.jpg,97,0,0,False,
cam2,frame_000098.jpg,98,0,0,False,
cam2,frame_000099.jpg,99,0,0,False,
cam2,frame_000100.jpg,100,0,0,False,
cam2,frame_000101.jpg,101,0,0,False,
cam2,frame_000102.jpg,102,0,0,False,
cam2,frame_000103.jpg,103,0,0,False,
cam2,frame_000104.jpg,104,0,0,False,
cam2,frame_000105.jpg,105,0,0,False,
cam2,frame_000106.jpg,106,0,0,False,
cam2,frame_000107.jpg,107,0,0,False,
cam2,frame_000108.jpg,108,0,0,False,
cam2,frame_000109.jpg,109,0,0,False,
cam2,frame_000110.jpg,110,0,0,False,
cam2,frame_000111.jpg,111,0,0,False,
cam2,frame_000112.jpg,112,0,0,False,
cam2,frame_000113.jpg,113,0,0,False,
cam2,frame_000114.jpg,114,0,0,False,
cam2,frame_000115.jpg,115,0,0,False,
cam2,frame_000116.jpg,116,0,0,False,
cam2,frame_000117.jpg,117,0,0,False,
cam2,frame_000118.jpg,118,0,0,False,
cam2,frame_000119.jpg,119,0,0,False,
cam2,frame_000120.jpg,120,0,0,False,
cam2,frame_000121.jpg,121,0,0,False,
cam2,frame_000122.jpg,122,0,0,False,
cam2,frame_000123.jpg,123,0,0,False,
cam2,frame_000124.jpg,124,0,0,False,
cam2,frame_000125.jpg,125,0,0,False,
cam2,frame_000126.jpg,126,0,0,False,
cam2,frame_000127.jpg,127,0,0,False,
cam2,frame_000128.jpg,128,0,0,False,
cam2,frame_000129.jpg,129,0,0,False,
cam2,frame_000130.jpg,130,0,0,False,
cam2,frame_000131.jpg,131,0,0,False,
cam2,frame_000132.jpg,132,0,0,False,
cam2,frame_000133.jpg,133,0,0,False,
cam2,frame_000134.jpg,134,0,0,False,
cam2,frame_000135.jpg,135,3,1,False,clahe
cam2,frame_000136.jpg,136,21,29,True,gamma_0.65
cam2,frame_000137.jpg,137,24,35,True,clahe
cam2,frame_000138.jpg,138,6,4,False,gray
cam2,frame_000139.jpg,139,0,0,False,
cam2,frame_000140.jpg,140,0,0,False,
cam2,frame_000141.jpg,141,0,0,False,
cam2,frame_000142.jpg,142,0,0,False,
cam2,frame_000143.jpg,143,0,0,False,
cam2,frame_000144.jpg,144,0,0,False,
cam2,frame_000145.jpg,145,0,0,False,
cam2,frame_000146.jpg,146,0,0,False,
cam2,frame_000147.jpg,147,0,0,False,
cam2,frame_000148.jpg,148,18,25,True,clahe
cam2,frame_000149.jpg,149,18,20,True,gray
cam2,frame_000150.jpg,150,19,22,True,clahe
cam2,frame_000151.jpg,151,0,0,False,
cam2,frame_000152.jpg,152,0,0,False,
cam2,frame_000153.jpg,153,0,0,False,
cam2,frame_000154.jpg,154,18,20,True,gamma_0.65
cam2,frame_000155.jpg,155,17,20,True,gray
cam2,frame_000156.jpg,156,17,19,True,gamma_0.65
cam2,frame_000157.jpg,157,0,0,False,
cam2,frame_000158.jpg,158,0,0,False,
cam2,frame_000159.jpg,159,0,0,False,
cam2,frame_000160.jpg,160,0,0,False,
cam2,frame_000161.jpg,161,0,0,False,
cam2,frame_000162.jpg,162,0,0,False,
cam2,frame_000163.jpg,163,0,0,False,
cam2,frame_000164.jpg,164,0,0,False,
cam2,frame_000165.jpg,165,0,0,False,
cam2,frame_000166.jpg,166,0,0,False,
cam2,frame_000167.jpg,167,0,0,False,
cam2,frame_000168.jpg,168,0,0,False,
cam2,frame_000169.jpg,169,0,0,False,
cam2,frame_000170.jpg,170,0,0,False,
cam2,frame_000171.jpg,171,0,0,False,
cam2,frame_000172.jpg,172,0,0,False,
cam2,frame_000173.jpg,173,0,0,False,
cam2,frame_000174.jpg,174,0,0,False,
cam2,frame_000175.jpg,175,0,0,False,
cam2,frame_000176.jpg,176,0,0,False,
cam2,frame_000177.jpg,177,0,0,False,
cam2,frame_000178.jpg,178,0,0,False,
cam2,frame_000179.jpg,179,0,0,False,
cam2,frame_000180.jpg,180,0,0,False,
cam2,frame_000181.jpg,181,0,0,False,
cam2,frame_000182.jpg,182,0,0,False,
cam2,frame_000183.jpg,183,0,0,False,
cam2,frame_000184.jpg,184,0,0,False,
cam2,frame_000185.jpg,185,0,0,False,
cam2,frame_000186.jpg,186,0,0,False,
cam2,frame_000187.jpg,187,0,0,False,
cam2,frame_000188.jpg,188,15,14,True,clahe
cam2,frame_000189.jpg,189,18,25,True,gamma_0.65
cam2,frame_000190.jpg,190,20,28,True,gray
cam2,frame_000191.jpg,191,21,29,True,gray
cam2,frame_000192.jpg,192,22,32,True,clahe
cam2,frame_000193.jpg,193,23,34,True,clahe
cam2,frame_000194.jpg,194,22,31,True,gamma_0.65
cam2,frame_000195.jpg,195,20,28,True,gamma_0.65
cam2,frame_000196.jpg,196,8,4,False,clahe
cam2,frame_000197.jpg,197,5,2,False,clahe
cam2,frame_000198.jpg,198,24,35,True,gamma_0.65
cam2,frame_000199.jpg,199,3,1,False,clahe
cam2,frame_000200.jpg,200,20,25,True,clahe
cam2,frame_000201.jpg,201,0,0,False,
cam2,frame_000202.jpg,202,0,0,False,
cam2,frame_000203.jpg,203,0,0,False,
cam2,frame_000204.jpg,204,0,0,False,
cam2,frame_000205.jpg,205,0,0,False,
cam2,frame_000206.jpg,206,10,7,False,gamma_0.65
cam2,frame_000207.jpg,207,0,0,False,
cam2,frame_000208.jpg,208,0,0,False,
cam2,frame_000209.jpg,209,0,0,False,
cam2,frame_000210.jpg,210,0,0,False,
cam2,frame_000211.jpg,211,22,29,True,gamma_0.65
cam2,frame_000212.jpg,212,7,4,False,clahe
cam2,frame_000213.jpg,213,0,0,False,
cam2,frame_000214.jpg,214,0,0,False,
cam2,frame_000215.jpg,215,0,0,False,
cam2,frame_000216.jpg,216,0,0,False,
cam2,frame_000217.jpg,217,0,0,False,
cam2,frame_000218.jpg,218,0,0,False,
cam2,frame_000219.jpg,219,0,0,False,
cam2,frame_000220.jpg,220,0,0,False,
cam2,frame_000221.jpg,221,0,0,False,
cam2,frame_000222.jpg,222,0,0,False,
cam2,frame_000223.jpg,223,0,0,False,
cam2,frame_000224.jpg,224,0,0,False,
cam2,frame_000225.jpg,225,0,0,False,
cam2,frame_000226.jpg,226,0,0,False,
cam2,frame_000227.jpg,227,0,0,False,
cam2,frame_000228.jpg,228,0,0,False,
cam2,frame_000229.jpg,229,0,0,False,
cam2,frame_000230.jpg,230,0,0,False,
cam2,frame_000231.jpg,231,0,0,False,
cam2,frame_000232.jpg,232,0,0,False,
cam2,frame_000233.jpg,233,0,0,False,
cam2,frame_000234.jpg,234,0,0,False,
cam2,frame_000235.jpg,235,0,0,False,
cam2,frame_000236.jpg,236,0,0,False,
cam2,frame_000237.jpg,237,0,0,False,
cam2,frame_000238.jpg,238,0,0,False,
cam2,frame_000239.jpg,239,0,0,False,
cam2,frame_000240.jpg,240,0,0,False,
cam2,frame_000241.jpg,241,0,0,False,
cam2,frame_000242.jpg,242,0,0,False,
cam2,frame_000243.jpg,243,0,0,False,
cam2,frame_000244.jpg,244,0,0,False,
cam2,frame_000245.jpg,245,0,0,False,
cam2,frame_000246.jpg,246,0,0,False,
cam2,frame_000247.jpg,247,0,0,False,
cam2,frame_000248.jpg,248,0,0,False,
cam2,frame_000249.jpg,249,0,0,False,
cam2,frame_000250.jpg,250,0,0,False,
cam2,frame_000251.jpg,251,0,0,False,
cam2,frame_000252.jpg,252,0,0,False,
cam2,frame_000253.jpg,253,0,0,False,
cam2,frame_000254.jpg,254,0,0,False,
cam2,frame_000255.jpg,255,0,0,False,
cam2,frame_000256.jpg,256,0,0,False,
cam2,frame_000257.jpg,257,0,0,False,
cam2,frame_000258.jpg,258,0,0,False,
cam2,frame_000259.jpg,259,0,0,False,
cam2,frame_000260.jpg,260,0,0,False,
cam2,frame_000261.jpg,261,0,0,False,
cam2,frame_000262.jpg,262,0,0,False,
cam2,frame_000263.jpg,263,0,0,False,
cam2,frame_000264.jpg,264,0,0,False,
cam2,frame_000265.jpg,265,0,0,False,
cam2,frame_000266.jpg,266,0,0,False,
cam2,frame_000267.jpg,267,0,0,False,
cam2,frame_000268.jpg,268,0,0,False,
cam2,frame_000269.jpg,269,0,0,False,
cam2,frame_000270.jpg,270,0,0,False,
cam2,frame_000271.jpg,271,0,0,False,
cam2,frame_000272.jpg,272,0,0,False,
cam2,frame_000273.jpg,273,0,0,False,
cam2,frame_000274.jpg,274,0,0,False,
cam2,frame_000275.jpg,275,0,0,False,
cam2,frame_000276.jpg,276,0,0,False,
cam2,frame_000277.jpg,277,0,0,False,
cam2,frame_000278.jpg,278,0,0,False,
cam2,frame_000279.jpg,279,0,0,False,
cam2,frame_000280.jpg,280,0,0,False,
cam2,frame_000281.jpg,281,0,0,False,
cam2,frame_000282.jpg,282,0,0,False,
cam2,frame_000283.jpg,283,0,0,False,
cam2,frame_000284.jpg,284,0,0,False,
cam2,frame_000285.jpg,285,0,0,False,
cam2,frame_000286.jpg,286,0,0,False,
cam2,frame_000287.jpg,287,0,0,False,
cam2,frame_000288.jpg,288,0,0,False,
cam2,frame_000289.jpg,289,0,0,False,
cam2,frame_000290.jpg,290,0,0,False,
cam2,frame_000291.jpg,291,0,0,False,
cam2,frame_000292.jpg,292,0,0,False,
cam2,frame_000293.jpg,293,9,9,True,gamma_0.65
cam2,frame_000294.jpg,294,22,30,True,gamma_0.65
cam2,frame_000295.jpg,295,24,35,True,gray
cam2,frame_000296.jpg,296,24,35,True,equalized
cam2,frame_000297.jpg,297,24,35,True,gray
cam2,frame_000298.jpg,298,20,28,True,gamma_0.65
cam2,frame_000299.jpg,299,12,15,True,gray
cam2,frame_000300.jpg,300,17,24,True,gamma_0.65
cam2,frame_000301.jpg,301,15,20,True,gray
cam2,frame_000302.jpg,302,18,25,True,gray
cam2,frame_000303.jpg,303,20,28,True,gray
cam2,frame_000304.jpg,304,24,35,True,gray
cam2,frame_000305.jpg,305,23,34,True,gamma_0.65
cam2,frame_000306.jpg,306,24,35,True,equalized
cam2,frame_000307.jpg,307,21,30,True,gray
cam2,frame_000308.jpg,308,21,30,True,gray
cam2,frame_000309.jpg,309,21,30,True,gray
cam2,frame_000310.jpg,310,21,30,True,gray
cam2,frame_000311.jpg,311,21,30,True,gray
cam2,frame_000312.jpg,312,22,32,True,gray
cam2,frame_000313.jpg,313,24,35,True,gray
cam2,frame_000314.jpg,314,20,28,True,gray
cam2,frame_000315.jpg,315,9,10,True,clahe
cam2,frame_000316.jpg,316,0,0,False,
cam2,frame_000317.jpg,317,0,0,False,
cam2,frame_000318.jpg,318,0,0,False,
cam2,frame_000319.jpg,319,0,0,False,
cam2,frame_000320.jpg,320,0,0,False,
cam2,frame_000321.jpg,321,0,0,False,
cam2,frame_000322.jpg,322,0,0,False,
cam2,frame_000323.jpg,323,0,0,False,
cam2,frame_000324.jpg,324,0,0,False,
cam2,frame_000325.jpg,325,0,0,False,
cam2,frame_000326.jpg,326,0,0,False,
cam2,frame_000327.jpg,327,0,0,False,
cam2,frame_000328.jpg,328,0,0,False,
cam2,frame_000329.jpg,329,0,0,False,
cam2,frame_000330.jpg,330,0,0,False,
cam2,frame_000331.jpg,331,0,0,False,
cam2,frame_000332.jpg,332,0,0,False,
cam2,frame_000333.jpg,333,0,0,False,
cam2,frame_000334.jpg,334,0,0,False,
cam2,frame_000335.jpg,335,0,0,False,
cam2,frame_000336.jpg,336,0,0,False,
cam2,frame_000337.jpg,337,0,0,False,
cam2,frame_000338.jpg,338,0,0,False,
cam2,frame_000339.jpg,339,0,0,False,
cam2,frame_000340.jpg,340,0,0,False,
cam2,frame_000341.jpg,341,0,0,False,
cam2,frame_000342.jpg,342,0,0,False,
cam2,frame_000343.jpg,343,0,0,False,
cam2,frame_000344.jpg,344,0,0,False,
cam2,frame_000345.jpg,345,0,0,False,
cam2,frame_000346.jpg,346,0,0,False,
cam2,frame_000347.jpg,347,0,0,False,
cam2,frame_000348.jpg,348,0,0,False,
cam2,frame_000349.jpg,349,0,0,False,
cam2,frame_000350.jpg,350,0,0,False,
cam2,frame_000351.jpg,351,0,0,False,
cam2,frame_000352.jpg,352,0,0,False,
cam2,frame_000353.jpg,353,0,0,False,
cam2,frame_000354.jpg,354,0,0,False,
cam2,frame_000355.jpg,355,0,0,False,
cam2,frame_000356.jpg,356,0,0,False,
cam2,frame_000357.jpg,357,0,0,False,
cam2,frame_000358.jpg,358,0,0,False,
cam2,frame_000359.jpg,359,0,0,False,
cam2,frame_000360.jpg,360,0,0,False,
cam2,frame_000361.jpg,361,0,0,False,
cam2,frame_000362.jpg,362,0,0,False,
cam2,frame_000363.jpg,363,0,0,False,
cam2,frame_000364.jpg,364,0,0,False,
cam2,frame_000365.jpg,365,0,0,False,
cam2,frame_000366.jpg,366,0,0,False,
cam2,frame_000367.jpg,367,0,0,False,
cam2,frame_000368.jpg,368,0,0,False,
cam2,frame_000369.jpg,369,0,0,False,
cam2,frame_000370.jpg,370,0,0,False,
cam2,frame_000371.jpg,371,0,0,False,
cam2,frame_000372.jpg,372,0,0,False,
cam2,frame_000373.jpg,373,0,0,False,
cam2,frame_000374.jpg,374,0,0,False,
cam2,frame_000375.jpg,375,0,0,False,
cam2,frame_000376.jpg,376,0,0,False,
cam2,frame_000377.jpg,377,0,0,False,
cam2,frame_000378.jpg,378,0,0,False,
cam2,frame_000379.jpg,379,0,0,False,
cam2,frame_000380.jpg,380,0,0,False,
cam2,frame_000381.jpg,381,0,0,False,
cam2,frame_000382.jpg,382,0,0,False,
cam2,frame_000383.jpg,383,0,0,False,
cam2,frame_000384.jpg,384,0,0,False,
cam2,frame_000385.jpg,385,0,0,False,
cam2,frame_000386.jpg,386,0,0,False,
cam2,frame_000387.jpg,387,0,0,False,
cam2,frame_000388.jpg,388,0,0,False,
cam2,frame_000389.jpg,389,0,0,False,
cam2,frame_000390.jpg,390,0,0,False,
cam2,frame_000391.jpg,391,0,0,False,
cam2,frame_000392.jpg,392,0,0,False,
cam2,frame_000393.jpg,393,0,0,False,
cam2,frame_000394.jpg,394,0,0,False,
cam2,frame_000395.jpg,395,0,0,False,
cam2,frame_000396.jpg,396,0,0,False,
cam2,frame_000397.jpg,397,0,0,False,
cam2,frame_000398.jpg,398,0,0,False,
cam2,frame_000399.jpg,399,0,0,False,
cam2,frame_000400.jpg,400,0,0,False,
cam2,frame_000401.jpg,401,0,0,False,
cam2,frame_000402.jpg,402,0,0,False,
cam2,frame_000403.jpg,403,0,0,False,
cam2,frame_000404.jpg,404,19,27,True,gamma_0.65
cam2,frame_000405.jpg,405,21,30,True,gray
cam2,frame_000406.jpg,406,19,27,True,gray
cam2,frame_000407.jpg,407,24,35,True,gamma_0.65
cam2,frame_000408.jpg,408,24,35,True,clahe
cam2,frame_000409.jpg,409,24,35,True,equalized
cam2,frame_000410.jpg,410,24,35,True,equalized
cam2,frame_000411.jpg,411,22,32,True,gamma_0.65
cam2,frame_000412.jpg,412,0,0,False,
cam2,frame_000413.jpg,413,0,0,False,
cam2,frame_000414.jpg,414,22,31,True,gray
cam2,frame_000415.jpg,415,24,35,True,gray
cam2,frame_000416.jpg,416,24,35,True,clahe
cam2,frame_000417.jpg,417,22,32,True,gray
cam2,frame_000418.jpg,418,0,0,False,
cam2,frame_000419.jpg,419,0,0,False,
cam2,frame_000420.jpg,420,23,33,True,gray
cam2,frame_000421.jpg,421,17,23,True,gray
cam2,frame_000422.jpg,422,0,0,False,
cam2,frame_000423.jpg,423,0,0,False,
cam2,frame_000424.jpg,424,0,0,False,
cam2,frame_000425.jpg,425,0,0,False,
cam2,frame_000426.jpg,426,0,0,False,
cam2,frame_000427.jpg,427,0,0,False,
cam2,frame_000428.jpg,428,0,0,False,
cam2,frame_000429.jpg,429,0,0,False,
cam2,frame_000430.jpg,430,0,0,False,
cam2,frame_000431.jpg,431,0,0,False,
cam2,frame_000432.jpg,432,0,0,False,
cam2,frame_000433.jpg,433,0,0,False,
cam2,frame_000434.jpg,434,0,0,False,
cam2,frame_000435.jpg,435,0,0,False,
cam2,frame_000436.jpg,436,0,0,False,
cam2,frame_000437.jpg,437,0,0,False,
cam2,frame_000438.jpg,438,0,0,False,
cam2,frame_000439.jpg,439,0,0,False,
cam2,frame_000440.jpg,440,0,0,False,
cam2,frame_000441.jpg,441,0,0,False,
cam2,frame_000442.jpg,442,0,0,False,
cam2,frame_000443.jpg,443,0,0,False,
cam2,frame_000444.jpg,444,0,0,False,
cam2,frame_000445.jpg,445,0,0,False,
cam2,frame_000446.jpg,446,0,0,False,
cam2,frame_000447.jpg,447,0,0,False,
cam2,frame_000448.jpg,448,0,0,False,
cam2,frame_000449.jpg,449,0,0,False,
cam2,frame_000450.jpg,450,0,0,False,
cam2,frame_000451.jpg,451,0,0,False,
cam2,frame_000452.jpg,452,0,0,False,
cam2,frame_000453.jpg,453,0,0,False,
cam2,frame_000454.jpg,454,0,0,False,
cam2,frame_000455.jpg,455,0,0,False,
cam2,frame_000456.jpg,456,0,0,False,
cam2,frame_000457.jpg,457,0,0,False,
cam2,frame_000458.jpg,458,0,0,False,
cam2,frame_000459.jpg,459,0,0,False,
cam2,frame_000460.jpg,460,0,0,False,
cam2,frame_000461.jpg,461,0,0,False,
cam2,frame_000462.jpg,462,0,0,False,
cam2,frame_000463.jpg,463,0,0,False,
cam2,frame_000464.jpg,464,0,0,False,
cam2,frame_000465.jpg,465,0,0,False,
cam2,frame_000466.jpg,466,0,0,False,
cam2,frame_000467.jpg,467,0,0,False,
cam2,frame_000468.jpg,468,0,0,False,
cam2,frame_000469.jpg,469,0,0,False,
cam2,frame_000470.jpg,470,0,0,False,
cam2,frame_000471.jpg,471,0,0,False,
cam2,frame_000472.jpg,472,0,0,False,
cam2,frame_000473.jpg,473,0,0,False,
cam2,frame_000474.jpg,474,0,0,False,
