camera,saved_frame_name,original_video_frame_index,timestamp_seconds
cam7,frame_000000.jpg,0,0.0
cam7,frame_000001.jpg,1,0.1
cam7,frame_000002.jpg,2,0.2
cam7,frame_000003.jpg,3,0.3
cam7,frame_000004.jpg,4,0.4
cam7,frame_000005.jpg,5,0.5
cam7,frame_000006.jpg,6,0.6
cam7,frame_000007.jpg,7,0.7
cam7,frame_000008.jpg,8,0.8
cam7,frame_000009.jpg,9,0.9
cam7,frame_000010.jpg,10,1.0
cam7,frame_000011.jpg,11,1.1
cam7,frame_000012.jpg,12,1.2
cam7,frame_000013.jpg,13,1.3
cam7,frame_000014.jpg,14,1.4
cam7,frame_000015.jpg,15,1.5
cam7,frame_000016.jpg,16,1.6
cam7,frame_000017.jpg,17,1.7
cam7,frame_000018.jpg,18,1.8
cam7,frame_000019.jpg,19,1.9
cam7,frame_000020.jpg,20,2.0
cam7,frame_000021.jpg,21,2.1
cam7,frame_000022.jpg,22,2.2
cam7,frame_000023.jpg,23,2.3
cam7,frame_000024.jpg,24,2.4
cam7,frame_000025.jpg,25,2.5
cam7,frame_000026.jpg,26,2.6
cam7,frame_000027.jpg,27,2.7
cam7,frame_000028.jpg,28,2.8
cam7,frame_000029.jpg,29,2.9
cam7,frame_000030.jpg,30,3.0
cam7,frame_000031.jpg,31,3.1
cam7,frame_000032.jpg,32,3.2
cam7,frame_000033.jpg,33,3.3
cam7,frame_000034.jpg,34,3.4
cam7,frame_000035.jpg,35,3.5
cam7,frame_000036.jpg,36,3.6
cam7,frame_000037.jpg,37,3.7
cam7,frame_000038.jpg,38,3.8
cam7,frame_000039.jpg,39,3.9
cam7,frame_000040.jpg,40,4.0
cam7,frame_000041.jpg,41,4.1
cam7,frame_000042.jpg,42,4.2
cam7,frame_000043.jpg,43,4.3
cam7,frame_000044.jpg,44,4.4
cam7,frame_000045.jpg,45,4.5
cam7,frame_000046.jpg,46,4.6
cam7,frame_000047.jpg,47,4.7
cam7,frame_000048.jpg,48,4.8
cam7,frame_000049.jpg,49,4.9
cam7,frame_000050.jpg,50,5.0
cam7,frame_000051.jpg,51,5.1
cam7,frame_000052.jpg,52,5.2
cam7,frame_000053.jpg,53,5.3
cam7,frame_000054.jpg,54,5.4
cam7,frame_000055.jpg,55,5.5
cam7,frame_000056.jpg,56,5.6
cam7,frame_000057.jpg,57,5.7
cam7,frame_000058.jpg,58,5.8
cam7,frame_000059.jpg,59,5.9
cam7,frame_000060.jpg,60,6.0
cam7,frame_000061.jpg,61,6.1
cam7,frame_000062.jpg,62,6.2
cam7,frame_000063.jpg,63,6.3
cam7,frame_000064.jpg,64,6.4
cam7,frame_000065.jpg,65,6.5
cam7,frame_000066.jpg,66,6.6
cam7,frame_000067.jpg,67,6.7
cam7,frame_000068.jpg,68,6.8
cam7,frame_000069.jpg,69,6.9
cam7,frame_000070.jpg,70,7.0
cam7,frame_000071.jpg,71,7.1
cam7,frame_000072.jpg,72,7.2
cam7,frame_000073.jpg,73,7.3
cam7,frame_000074.jpg,74,7.4
cam7,frame_000075.jpg,75,7.5
cam7,frame_000076.jpg,76,7.6
cam7,frame_000077.jpg,77,7.7
cam7,frame_000078.jpg,78,7.8
cam7,frame_000079.jpg,79,7.9
cam7,frame_000080.jpg,80,8.0
cam7,frame_000081.jpg,81,8.1
cam7,frame_000082.jpg,82,8.2
cam7,frame_000083.jpg,83,8.3
cam7,frame_000084.jpg,84,8.4
cam7,frame_000085.jpg,85,8.5
cam7,frame_000086.jpg,86,8.6
cam7,frame_000087.jpg,87,8.7
cam7,frame_000088.jpg,88,8.8
cam7,frame_000089.jpg,89,8.9
cam7,frame_000090.jpg,90,9.0
cam7,frame_000091.jpg,91,9.1
cam7,frame_000092.jpg,92,9.2
cam7,frame_000093.jpg,93,9.3
cam7,frame_000094.jpg,94,9.4
cam7,frame_000095.jpg,95,9.5
cam7,frame_000096.jpg,96,9.6
cam7,frame_000097.jpg,97,9.7
cam7,frame_000098.jpg,98,9.8
cam7,frame_000099.jpg,99,9.9
cam7,frame_000100.jpg,100,10.0
cam7,frame_000101.jpg,101,10.1
cam7,frame_000102.jpg,102,10.2
cam7,frame_000103.jpg,103,10.3
cam7,frame_000104.jpg,104,10.4
cam7,frame_000105.jpg,105,10.5
cam7,frame_000106.jpg,106,10.6
cam7,frame_000107.jpg,107,10.7
cam7,frame_000108.jpg,108,10.8
cam7,frame_000109.jpg,109,10.9
cam7,frame_000110.jpg,110,11.0
cam7,frame_000111.jpg,111,11.1
cam7,frame_000112.jpg,112,11.2
cam7,frame_000113.jpg,113,11.3
cam7,frame_000114.jpg,114,11.4
cam7,frame_000115.jpg,115,11.5
cam7,frame_000116.jpg,116,11.6
cam7,frame_000117.jpg,117,11.7
cam7,frame_000118.jpg,118,11.8
cam7,frame_000119.jpg,119,11.9
cam7,frame_000120.jpg,120,12.0
cam7,frame_000121.jpg,121,12.1
cam7,frame_000122.jpg,122,12.2
cam7,frame_000123.jpg,123,12.3
cam7,frame_000124.jpg,124,12.4
cam7,frame_000125.jpg,125,12.5
cam7,frame_000126.jpg,126,12.6
cam7,frame_000127.jpg,127,12.7
cam7,frame_000128.jpg,128,12.8
cam7,frame_000129.jpg,129,12.9
cam7,frame_000130.jpg,130,13.0
cam7,frame_000131.jpg,131,13.1
cam7,frame_000132.jpg,132,13.2
cam7,frame_000133.jpg,133,13.3
cam7,frame_000134.jpg,134,13.4
cam7,frame_000135.jpg,135,13.5
cam7,frame_000136.jpg,136,13.6
cam7,frame_000137.jpg,137,13.7
cam7,frame_000138.jpg,138,13.8
cam7,frame_000139.jpg,139,13.9
cam7,frame_000140.jpg,140,14.0
cam7,frame_000141.jpg,141,14.1
cam7,frame_000142.jpg,142,14.2
cam7,frame_000143.jpg,143,14.3
cam7,frame_000144.jpg,144,14.4
cam7,frame_000145.jpg,145,14.5
cam7,frame_000146.jpg,146,14.6
cam7,frame_000147.jpg,147,14.7
cam7,frame_000148.jpg,148,14.8
cam7,frame_000149.jpg,149,14.9
cam7,frame_000150.jpg,150,15.0
cam7,frame_000151.jpg,151,15.1
cam7,frame_000152.jpg,152,15.2
cam7,frame_000153.jpg,153,15.3
cam7,frame_000154.jpg,154,15.4
cam7,frame_000155.jpg,155,15.5
cam7,frame_000156.jpg,156,15.6
cam7,frame_000157.jpg,157,15.7
cam7,frame_000158.jpg,158,15.8
cam7,frame_000159.jpg,159,15.9
cam7,frame_000160.jpg,160,16.0
cam7,frame_000161.jpg,161,16.1
cam7,frame_000162.jpg,162,16.2
cam7,frame_000163.jpg,163,16.3
cam7,frame_000164.jpg,164,16.4
cam7,frame_000165.jpg,165,16.5
cam7,frame_000166.jpg,166,16.6
cam7,frame_000167.jpg,167,16.7
cam7,frame_000168.jpg,168,16.8
cam7,frame_000169.jpg,169,16.9
cam7,frame_000170.jpg,170,17.0
cam7,frame_000171.jpg,171,17.1
cam7,frame_000172.jpg,172,17.2
cam7,frame_000173.jpg,173,17.3
cam7,frame_000174.jpg,174,17.4
cam7,frame_000175.jpg,175,17.5
cam7,frame_000176.jpg,176,17.6
cam7,frame_000177.jpg,177,17.7
cam7,frame_000178.jpg,178,17.8
cam7,frame_000179.jpg,179,17.9
cam7,frame_000180.jpg,180,18.0
cam7,frame_000181.jpg,181,18.1
cam7,frame_000182.jpg,182,18.2
cam7,frame_000183.jpg,183,18.3
cam7,frame_000184.jpg,184,18.4
cam7,frame_000185.jpg,185,18.5
cam7,frame_000186.jpg,186,18.6
cam7,frame_000187.jpg,187,18.7
cam7,frame_000188.jpg,188,18.8
cam7,frame_000189.jpg,189,18.9
cam7,frame_000190.jpg,190,19.0
cam7,frame_000191.jpg,191,19.1
cam7,frame_000192.jpg,192,19.2
cam7,frame_000193.jpg,193,19.3
cam7,frame_000194.jpg,194,19.4
cam7,frame_000195.jpg,195,19.5
cam7,frame_000196.jpg,196,19.6
cam7,frame_000197.jpg,197,19.7
cam7,frame_000198.jpg,198,19.8
cam7,frame_000199.jpg,199,19.9
cam7,frame_000200.jpg,200,20.0
cam7,frame_000201.jpg,201,20.1
cam7,frame_000202.jpg,202,20.2
cam7,frame_000203.jpg,203,20.3
cam7,frame_000204.jpg,204,20.4
cam7,frame_000205.jpg,205,20.5
cam7,frame_000206.jpg,206,20.6
cam7,frame_000207.jpg,207,20.7
cam7,frame_000208.jpg,208,20.8
cam7,frame_000209.jpg,209,20.9
cam7,frame_000210.jpg,210,21.0
cam7,frame_000211.jpg,211,21.1
cam7,frame_000212.jpg,212,21.2
cam7,frame_000213.jpg,213,21.3
cam7,frame_000214.jpg,214,21.4
cam7,frame_000215.jpg,215,21.5
cam7,frame_000216.jpg,216,21.6
cam7,frame_000217.jpg,217,21.7
cam7,frame_000218.jpg,218,21.8
cam7,frame_000219.jpg,219,21.9
cam7,frame_000220.jpg,220,22.0
cam7,frame_000221.jpg,221,22.1
cam7,frame_000222.jpg,222,22.2
cam7,frame_000223.jpg,223,22.3
cam7,frame_000224.jpg,224,22.4
cam7,frame_000225.jpg,225,22.5
cam7,frame_000226.jpg,226,22.6
cam7,frame_000227.jpg,227,22.7
cam7,frame_000228.jpg,228,22.8
cam7,frame_000229.jpg,229,22.9
cam7,frame_000230.jpg,230,23.0
cam7,frame_000231.jpg,231,23.1
cam7,frame_000232.jpg,232,23.2
cam7,frame_000233.jpg,233,23.3
cam7,frame_000234.jpg,234,23.4
cam7,frame_000235.jpg,235,23.5
cam7,frame_000236.jpg,236,23.6
cam7,frame_000237.jpg,237,23.7
cam7,frame_000238.jpg,238,23.8
cam7,frame_000239.jpg,239,23.9
cam7,frame_000240.jpg,240,24.0
cam7,frame_000241.jpg,241,24.1
cam7,frame_000242.jpg,242,24.2
cam7,frame_000243.jpg,243,24.3
cam7,frame_000244.jpg,244,24.4
cam7,frame_000245.jpg,245,24.5
cam7,frame_000246.jpg,246,24.6
cam7,frame_000247.jpg,247,24.7
cam7,frame_000248.jpg,248,24.8
cam7,frame_000249.jpg,249,24.9
cam7,frame_000250.jpg,250,25.0
cam7,frame_000251.jpg,251,25.1
cam7,frame_000252.jpg,252,25.2
cam7,frame_000253.jpg,253,25.3
cam7,frame_000254.jpg,254,25.4
cam7,frame_000255.jpg,255,25.5
cam7,frame_000256.jpg,256,25.6
cam7,frame_000257.jpg,257,25.7
cam7,frame_000258.jpg,258,25.8
cam7,frame_000259.jpg,259,25.9
cam7,frame_000260.jpg,260,26.0
cam7,frame_000261.jpg,261,26.1
cam7,frame_000262.jpg,262,26.2
cam7,frame_000263.jpg,263,26.3
cam7,frame_000264.jpg,264,26.4
cam7,frame_000265.jpg,265,26.5
cam7,frame_000266.jpg,266,26.6
cam7,frame_000267.jpg,267,26.7
cam7,frame_000268.jpg,268,26.8
cam7,frame_000269.jpg,269,26.9
cam7,frame_000270.jpg,270,27.0
cam7,frame_000271.jpg,271,27.1
cam7,frame_000272.jpg,272,27.2
cam7,frame_000273.jpg,273,27.3
cam7,frame_000274.jpg,274,27.4
cam7,frame_000275.jpg,275,27.5
cam7,frame_000276.jpg,276,27.6
cam7,frame_000277.jpg,277,27.7
cam7,frame_000278.jpg,278,27.8
cam7,frame_000279.jpg,279,27.9
cam7,frame_000280.jpg,280,28.0
cam7,frame_000281.jpg,281,28.1
cam7,frame_000282.jpg,282,28.2
cam7,frame_000283.jpg,283,28.3
cam7,frame_000284.jpg,284,28.4
cam7,frame_000285.jpg,285,28.5
cam7,frame_000286.jpg,286,28.6
cam7,frame_000287.jpg,287,28.7
cam7,frame_000288.jpg,288,28.8
cam7,frame_000289.jpg,289,28.9
cam7,frame_000290.jpg,290,29.0
cam7,frame_000291.jpg,291,29.1
cam7,frame_000292.jpg,292,29.2
cam7,frame_000293.jpg,293,29.3
cam7,frame_000294.jpg,294,29.4
cam7,frame_000295.jpg,295,29.5
cam7,frame_000296.jpg,296,29.6
cam7,frame_000297.jpg,297,29.7
cam7,frame_000298.jpg,298,29.8
cam7,frame_000299.jpg,299,29.9
cam7,frame_000300.jpg,300,30.0
cam7,frame_000301.jpg,301,30.1
cam7,frame_000302.jpg,302,30.2
cam7,frame_000303.jpg,303,30.3
cam7,frame_000304.jpg,304,30.4
cam7,frame_000305.jpg,305,30.5
cam7,frame_000306.jpg,306,30.6
cam7,frame_000307.jpg,307,30.7
cam7,frame_000308.jpg,308,30.8
cam7,frame_000309.jpg,309,30.9
cam7,frame_000310.jpg,310,31.0
cam7,frame_000311.jpg,311,31.1
cam7,frame_000312.jpg,312,31.2
cam7,frame_000313.jpg,313,31.3
cam7,frame_000314.jpg,314,31.4
cam7,frame_000315.jpg,315,31.5
cam7,frame_000316.jpg,316,31.6
cam7,frame_000317.jpg,317,31.7
cam7,frame_000318.jpg,318,31.8
cam7,frame_000319.jpg,319,31.9
cam7,frame_000320.jpg,320,32.0
cam7,frame_000321.jpg,321,32.1
cam7,frame_000322.jpg,322,32.2
cam7,frame_000323.jpg,323,32.3
cam7,frame_000324.jpg,324,32.4
cam7,frame_000325.jpg,325,32.5
cam7,frame_000326.jpg,326,32.6
cam7,frame_000327.jpg,327,32.7
cam7,frame_000328.jpg,328,32.8
cam7,frame_000329.jpg,329,32.9
cam7,frame_000330.jpg,330,33.0
cam7,frame_000331.jpg,331,33.1
cam7,frame_000332.jpg,332,33.2
cam7,frame_000333.jpg,333,33.3
cam7,frame_000334.jpg,334,33.4
cam7,frame_000335.jpg,335,33.5
cam7,frame_000336.jpg,336,33.6
cam7,frame_000337.jpg,337,33.7
cam7,frame_000338.jpg,338,33.8
cam7,frame_000339.jpg,339,33.9
cam7,frame_000340.jpg,340,34.0
cam7,frame_000341.jpg,341,34.1
cam7,frame_000342.jpg,342,34.2
cam7,frame_000343.jpg,343,34.3
cam7,frame_000344.jpg,344,34.4
cam7,frame_000345.jpg,345,34.5
cam7,frame_000346.jpg,346,34.6
cam7,frame_000347.jpg,347,34.7
cam7,frame_000348.jpg,348,34.8
cam7,frame_000349.jpg,349,34.9
cam7,frame_000350.jpg,350,35.0
cam7,frame_000351.jpg,351,35.1
cam7,frame_000352.jpg,352,35.2
cam7,frame_000353.jpg,353,35.3
cam7,frame_000354.jpg,354,35.4
cam7,frame_000355.jpg,355,35.5
cam7,frame_000356.jpg,356,35.6
cam7,frame_000357.jpg,357,35.7
cam7,frame_000358.jpg,358,35.8
cam7,frame_000359.jpg,359,35.9
cam7,frame_000360.jpg,360,36.0
cam7,frame_000361.jpg,361,36.1
cam7,frame_000362.jpg,362,36.2
cam7,frame_000363.jpg,363,36.3
cam7,frame_000364.jpg,364,36.4
cam7,frame_000365.jpg,365,36.5
cam7,frame_000366.jpg,366,36.6
cam7,frame_000367.jpg,367,36.7
cam7,frame_000368.jpg,368,36.8
cam7,frame_000369.jpg,369,36.9
cam7,frame_000370.jpg,370,37.0
cam7,frame_000371.jpg,371,37.1
cam7,frame_000372.jpg,372,37.2
cam7,frame_000373.jpg,373,37.3
cam7,frame_000374.jpg,374,37.4
cam7,frame_000375.jpg,375,37.5
cam7,frame_000376.jpg,376,37.6
cam7,frame_000377.jpg,377,37.7
cam7,frame_000378.jpg,378,37.8
cam7,frame_000379.jpg,379,37.9
cam7,frame_000380.jpg,380,38.0
cam7,frame_000381.jpg,381,38.1
cam7,frame_000382.jpg,382,38.2
cam7,frame_000383.jpg,383,38.3
cam7,frame_000384.jpg,384,38.4
cam7,frame_000385.jpg,385,38.5
cam7,frame_000386.jpg,386,38.6
cam7,frame_000387.jpg,387,38.7
cam7,frame_000388.jpg,388,38.8
cam7,frame_000389.jpg,389,38.9
cam7,frame_000390.jpg,390,39.0
cam7,frame_000391.jpg,391,39.1
cam7,frame_000392.jpg,392,39.2
cam7,frame_000393.jpg,393,39.3
cam7,frame_000394.jpg,394,39.4
cam7,frame_000395.jpg,395,39.5
cam7,frame_000396.jpg,396,39.6
cam7,frame_000397.jpg,397,39.7
cam7,frame_000398.jpg,398,39.8
cam7,frame_000399.jpg,399,39.9
cam7,frame_000400.jpg,400,40.0
cam7,frame_000401.jpg,401,40.1
cam7,frame_000402.jpg,402,40.2
cam7,frame_000403.jpg,403,40.3
cam7,frame_000404.jpg,404,40.4
cam7,frame_000405.jpg,405,40.5
cam7,frame_000406.jpg,406,40.6
cam7,frame_000407.jpg,407,40.7
cam7,frame_000408.jpg,408,40.8
cam7,frame_000409.jpg,409,40.9
cam7,frame_000410.jpg,410,41.0
cam7,frame_000411.jpg,411,41.1
cam7,frame_000412.jpg,412,41.2
cam7,frame_000413.jpg,413,41.3
cam7,frame_000414.jpg,414,41.4
cam7,frame_000415.jpg,415,41.5
cam7,frame_000416.jpg,416,41.6
cam7,frame_000417.jpg,417,41.7
cam7,frame_000418.jpg,418,41.8
cam7,frame_000419.jpg,419,41.9
cam7,frame_000420.jpg,420,42.0
cam7,frame_000421.jpg,421,42.1
cam7,frame_000422.jpg,422,42.2
cam7,frame_000423.jpg,423,42.3
cam7,frame_000424.jpg,424,42.4
cam7,frame_000425.jpg,425,42.5
cam7,frame_000426.jpg,426,42.6
cam7,frame_000427.jpg,427,42.7
cam7,frame_000428.jpg,428,42.8
cam7,frame_000429.jpg,429,42.9
cam7,frame_000430.jpg,430,43.0
cam7,frame_000431.jpg,431,43.1
cam7,frame_000432.jpg,432,43.2
cam7,frame_000433.jpg,433,43.3
cam7,frame_000434.jpg,434,43.4
cam7,frame_000435.jpg,435,43.5
cam7,frame_000436.jpg,436,43.6
cam7,frame_000437.jpg,437,43.7
cam7,frame_000438.jpg,438,43.8
cam7,frame_000439.jpg,439,43.9
cam7,frame_000440.jpg,440,44.0
cam7,frame_000441.jpg,441,44.1
cam7,frame_000442.jpg,442,44.2
cam7,frame_000443.jpg,443,44.3
cam7,frame_000444.jpg,444,44.4
cam7,frame_000445.jpg,445,44.5
cam7,frame_000446.jpg,446,44.6
cam7,frame_000447.jpg,447,44.7
cam7,frame_000448.jpg,448,44.8
cam7,frame_000449.jpg,449,44.9
cam7,frame_000450.jpg,450,45.0
cam7,frame_000451.jpg,451,45.1
cam7,frame_000452.jpg,452,45.2
cam7,frame_000453.jpg,453,45.3
cam7,frame_000454.jpg,454,45.4
cam7,frame_000455.jpg,455,45.5
cam7,frame_000456.jpg,456,45.6
cam7,frame_000457.jpg,457,45.7
cam7,frame_000458.jpg,458,45.8
cam7,frame_000459.jpg,459,45.9
cam7,frame_000460.jpg,460,46.0
cam7,frame_000461.jpg,461,46.1
cam7,frame_000462.jpg,462,46.2
cam7,frame_000463.jpg,463,46.3
cam7,frame_000464.jpg,464,46.4
cam7,frame_000465.jpg,465,46.5
cam7,frame_000466.jpg,466,46.6
cam7,frame_000467.jpg,467,46.7
cam7,frame_000468.jpg,468,46.8
cam7,frame_000469.jpg,469,46.9
cam7,frame_000470.jpg,470,47.0
cam7,frame_000471.jpg,471,47.1
cam7,frame_000472.jpg,472,47.2
cam7,frame_000473.jpg,473,47.3
cam7,frame_000474.jpg,474,47.4
